chr	start	stop		library	sequence	read_counts	genomic_hits		strand
chr3L	1	23		V063V0632	ATACGCGATCATATTTCTCCCT	2	54	2	-
chr3L	2	24		V063V0632	GGGAGAAATATGATCGCGTATG	1	54	1	+
chr3L	3	24		V063V0632	GGAGAAATATGATCGCGTATG	4	54	4	+
chr3L	3	26		V063V0632	GGAGAAATATGATCGCGTATGCG	1	54	1	+
chr3L	5	27		V063V0632	AGAAATATGATCGCGTATGCGA	22	54	22	+
chr3L	6	26		V063V0632	GAAATATGATCGCGTATGCG	1	57	1	+
chr3L	7	27		V063V0632	AAATATGATCGCGTATGCGA	1	111	1	+
chr3L	7	28		V063V0632	AAATATGATCGCGTATGCGAG	1	111	1	+
chr3L	8	30		V063V0632	AATATGATCGCGTATGCGAGAG	1	111	1	+
chr3L	9	31		V063V0632	ATATGATCGCGTATGCGAGAGT	1	163	1	+
chr3L	10	32		V063V0632	TATGATCGCGTATGCGAGAGTA	1	163	1	+
chr3L	10	33		V063V0632	TATGATCGCGTATGCGAGAGTAG	1	163	1	+
chr3L	10	37		V063V0632	TATGATCGCGTATGCGAGAGTAGTGCC	1	163	1	+
chr3L	11	33		V063V0632	ATGATCGCGTATGCGAGAGTAG	5	163	5	+
chr3L	11	35		V063V0632	ATGATCGCGTATGCGAGAGTAGTG	1	163	1	+
chr3L	11	36		V063V0632	ATGATCGCGTATGCGAGAGTAGTGC	1	163	1	+
chr3L	11	37		V063V0632	ATGATCGCGTATGCGAGAGTAGTGCC	1	163	1	+
chr3L	12	35		V063V0632	TGATCGCGTATGCGAGAGTAGTG	5	163	5	+
chr3L	12	36		V063V0632	TGATCGCGTATGCGAGAGTAGTGC	1	163	1	+
chr3L	12	37		V063V0632	TGATCGCGTATGCGAGAGTAGTGCC	1	163	1	+
chr3L	12	39		V063V0632	TGATCGCGTATGCGAGAGTAGTGCCAA	2	163	2	+
chr3L	14	34		V063V0632	ACTACTCTCGCATACGCGAT	1	164	1	-
chr3L	15	38		V063V0632	TCGCGTATGCGAGAGTAGTGCCA	5	163	5	+
chr3L	16	39		V063V0632	TTGGCACTACTCTCGCATACGCG	1	164	1	-
chr3L	17	36		V063V0632	GCGTATGCGAGAGTAGTGC	1	164	1	+
chr3L	17	37		V063V0632	GCGTATGCGAGAGTAGTGCC	1	164	1	+
chr3L	17	38		V063V0632	GCGTATGCGAGAGTAGTGCCA	1	164	1	+
chr3L	18	40		V063V0632	CGTATGCGAGAGTAGTGCCAAC	10	164	10	+
chr3L	18	40		V063V0632	GTTGGCACTACTCTCGCATACG	2	164	2	-
chr3L	18	41		V063V0632	CGTATGCGAGAGTAGTGCCAACA	5	164	5	+
chr3L	18	41		V063V0632	TGTTGGCACTACTCTCGCATACG	1	164	1	-
chr3L	19	40		V063V0632	GTATGCGAGAGTAGTGCCAAC	1	164	1	+
chr3L	19	40		V063V0632	GTTGGCACTACTCTCGCATAC	1	164	1	-
chr3L	19	41		V063V0632	GTATGCGAGAGTAGTGCCAACA	2	164	2	+
chr3L	20	41		V063V0632	TATGCGAGAGTAGTGCCAACA	1	164	1	+
chr3L	20	42		V063V0632	TATGCGAGAGTAGTGCCAACAT	9	164	9	+
chr3L	20	43		V063V0632	TATGCGAGAGTAGTGCCAACATA	11	164	11	+
chr3L	20	43		V063V0632	TATGTTGGCACTACTCTCGCATA	1	164	1	-
chr3L	20	44		V063V0632	TATGCGAGAGTAGTGCCAACATAT	3	164	3	+
chr3L	20	45		V063V0632	TATGCGAGAGTAGTGCCAACATATT	2	164	2	+
chr3L	20	46		V063V0632	TATGCGAGAGTAGTGCCAACATATTG	3	121	3	+
chr3L	20	47		V063V0632	TATGCGAGAGTAGTGCCAACATATTGT	1	121	1	+
chr3L	20	48		V063V0632	TATGCGAGAGTAGTGCCAACATATTGTG	1	121	1	+
chr3L	21	43		V063V0632	ATGCGAGAGTAGTGCCAACATA	1	164	1	+
chr3L	21	43		V063V0632	TATGTTGGCACTACTCTCGCAT	1	164	1	-
chr3L	21	46		V063V0632	ATGCGAGAGTAGTGCCAACATATTG	1	121	1	+
chr3L	22	43		V063V0632	TGCGAGAGTAGTGCCAACATA	3	164	3	+
chr3L	22	44		V063V0632	TGCGAGAGTAGTGCCAACATAT	5	164	5	+
chr3L	22	45		V063V0632	TGCGAGAGTAGTGCCAACATATT	11	164	11	+
chr3L	22	48		V063V0632	TGCGAGAGTAGTGCCAACATATTGTG	1	121	1	+
chr3L	22	49		V063V0632	TGCGAGAGTAGTGCCAACATATTGTGC	1	120	1	+
chr3L	23	45		V063V0632	GCGAGAGTAGTGCCAACATATT	5	164	5	+
chr3L	23	47		V063V0632	GCGAGAGTAGTGCCAACATATTGT	1	121	1	+
chr3L	24	45		V063V0632	AATATGTTGGCACTACTCTCG	1	164	1	-
chr3L	24	46		V063V0632	CAATATGTTGGCACTACTCTCG	1	121	1	-
chr3L	24	49		V063V0632	CGAGAGTAGTGCCAACATATTGTGC	1	120	1	+
chr3L	25	49		V063V0632	GAGAGTAGTGCCAACATATTGTGC	1	120	1	+
chr3L	26	47		V063V0632	AGAGTAGTGCCAACATATTGT	2	121	2	+
chr3L	26	48		V063V0632	AGAGTAGTGCCAACATATTGTG	4	121	4	+
chr3L	26	49		V063V0632	AGAGTAGTGCCAACATATTGTGC	2	120	2	+
chr3L	26	51		V063V0632	AGAGTAGTGCCAACATATTGTGCTC	1	66	1	+
chr3L	27	49		V063V0632	GAGTAGTGCCAACATATTGTGC	1	120	1	+
chr3L	27	50		V063V0632	GAGTAGTGCCAACATATTGTGCT	1	120	1	+
chr3L	28	51		V063V0632	AGTAGTGCCAACATATTGTGCTC	2	66	2	+
chr3L	30	52		V063V0632	TAGTGCCAACATATTGTGCTCT	1	66	1	+
chr3L	31	51		V063V0632	GAGCACAATATGTTGGCACT	1	67	1	-
chr3L	31	52		V063V0632	AGAGCACAATATGTTGGCACT	2	67	2	-
chr3L	31	54		V063V0632	AAAGAGCACAATATGTTGGCACT	2	55	2	-
chr3L	32	54		V063V0632	AAAGAGCACAATATGTTGGCAC	3	55	3	-
chr3L	33	55		V063V0632	CAAAGAGCACAATATGTTGGCA	2	55	2	-
chr3L	33	58		V063V0632	AATCAAAGAGCACAATATGTTGGCA	2	55	2	-
chr3L	34	54		V063V0632	AAAGAGCACAATATGTTGGC	1	55	1	-
chr3L	36	54		V063V0632	AAAGAGCACAATATGTTG	2	55	2	-
chr3L	36	58		V063V0632	AATCAAAGAGCACAATATGTTG	3	55	3	-
chr3L	37	58		V063V0632	AATCAAAGAGCACAATATGTT	1	55	1	-
chr3L	37	59		V063V0632	AAATCAAAGAGCACAATATGTT	2	55	2	-
chr3L	37	65		V063V0632	GCCAAAAAATCAAAGAGCACAATATGTT	1	55	1	-
chr3L	38	58		V063V0632	AATCAAAGAGCACAATATGT	3	55	3	-
chr3L	39	59		V063V0632	AAATCAAAGAGCACAATATG	1	55	1	-
chr3L	39	61		V063V0632	AAAAATCAAAGAGCACAATATG	2	55	2	-
chr3L	39	61		V063V0632	CATATTGTGCTCTTTGATTTTT	1	55	1	+
chr3L	39	62		V063V0632	AAAAAATCAAAGAGCACAATATG	3	55	3	-
chr3L	41	62		V063V0632	AAAAAATCAAAGAGCACAATA	1	55	1	-
chr3L	42	62		V063V0632	AAAAAATCAAAGAGCACAAT	1	55	1	-
chr3L	42	64		V063V0632	CCAAAAAATCAAAGAGCACAAT	1	55	1	-
chr3L	43	67		V063V0632	TTGCCAAAAAATCAAAGAGCACAA	1	55	1	-
chr3L	45	72		V063V0632	TTGGGTTGCCAAAAAATCAAAGAGCAC	1	55	1	-
chr3L	46	66		V063V0632	TGCCAAAAAATCAAAGAGCA	1	55	1	-
chr3L	46	68		V063V0632	GTTGCCAAAAAATCAAAGAGCA	1	55	1	-
chr3L	46	68		V063V0632	TGCTCTTTGATTTTTTGGCAAC	1	55	1	+
chr3L	47	69		V063V0632	GGTTGCCAAAAAATCAAAGAGC	3	55	3	-
chr3L	47	72		V063V0632	TTGGGTTGCCAAAAAATCAAAGAGC	1	55	1	-
chr3L	47	74		V063V0632	TTTTGGGTTGCCAAAAAATCAAAGAGC	1	55	1	-
chr3L	48	69		V063V0632	CTCTTTGATTTTTTGGCAACC	1	55	1	+
chr3L	48	71		V063V0632	TGGGTTGCCAAAAAATCAAAGAG	2	55	2	-
chr3L	49	71		V063V0632	TCTTTGATTTTTTGGCAACCCA	1	55	1	+
chr3L	59	82		V063V0632	TTTGGCAACCCAAAATGGTGGCG	1	55	1	+
chr3L	64	86		V063V0632	CAACCCAAAATGGTGGCGGATG	1	55	1	+
chr3L	65	87		V063V0632	AACCCAAAATGGTGGCGGATGA	1	55	1	+
chr3L	66	87		V063V0632	ACCCAAAATGGTGGCGGATGA	1	55	1	+
chr3L	69	89		V063V0632	CAAAATGGTGGCGGATGAAC	1	55	1	+
chr3L	69	90		V063V0632	CAAAATGGTGGCGGATGAACG	1	55	1	+
chr3L	69	92		V063V0632	CAAAATGGTGGCGGATGAACGAG	3	55	3	+
chr3L	70	88		V063V0632	AAAATGGTGGCGGATGAA	1	55	1	+
chr3L	70	91		V063V0632	AAAATGGTGGCGGATGAACGA	2	55	2	+
chr3L	70	93		V063V0632	AAAATGGTGGCGGATGAACGAGA	3	55	3	+
chr3L	72	91		V063V0632	AATGGTGGCGGATGAACGA	2	55	2	+
chr3L	72	93		V063V0632	AATGGTGGCGGATGAACGAGA	2	55	2	+
chr3L	73	95		V063V0632	ATGGTGGCGGATGAACGAGATG	3	55	3	+
chr3L	73	96		V063V0632	ATGGTGGCGGATGAACGAGATGA	1	55	1	+
chr3L	74	95		V063V0632	TGGTGGCGGATGAACGAGATG	1	55	1	+
chr3L	74	96		V063V0632	TGGTGGCGGATGAACGAGATGA	3	55	3	+
chr3L	75	94		V063V0632	GGTGGCGGATGAACGAGAT	1	55	1	+
chr3L	76	98		V063V0632	TATCATCTCGTTCATCCGCCAC	1	55	1	-
chr3L	77	100		V063V0632	TGGCGGATGAACGAGATGATAAT	2	55	2	+
chr3L	77	101		V063V0632	TGGCGGATGAACGAGATGATAATA	2	55	2	+
chr3L	78	99		V063V0632	GGCGGATGAACGAGATGATAA	1	56	1	+
chr3L	79	101		V063V0632	TATTATCATCTCGTTCATCCGC	1	56	1	-
chr3L	80	102		V063V0632	CGGATGAACGAGATGATAATAT	1	56	1	+
chr3L	86	107		V063V0632	AACGAGATGATAATATATTCA	1	97	1	+
chr3L	86	108		V063V0632	TTGAATATATTATCATCTCGTT	1	97	1	-
chr3L	86	110		V063V0632	AACGAGATGATAATATATTCAAGT	1	55	1	+
chr3L	88	115		V063V0632	CGAGATGATAATATATTCAAGTTGCCG	1	55	1	+
chr3L	91	110		V063V0632	GATGATAATATATTCAAGT	1	55	1	+
chr3L	91	116		V063V0632	GATGATAATATATTCAAGTTGCCGC	1	55	1	+
chr3L	93	118		V063V0632	TAGCGGCAACTTGAATATATTATCA	1	55	1	-
chr3L	95	116		V063V0632	ATAATATATTCAAGTTGCCGC	1	55	1	+
chr3L	97	122		V063V0632	TGATTAGCGGCAACTTGAATATATT	1	55	1	-
chr3L	99	120		V063V0632	TATATTCAAGTTGCCGCTAAT	1	55	1	+
chr3L	100	124		V063V0632	TCTGATTAGCGGCAACTTGAATAT	1	55	1	-
chr3L	101	122		V063V0632	TGATTAGCGGCAACTTGAATA	1	55	1	-
chr3L	102	122		V063V0632	TGATTAGCGGCAACTTGAAT	2	55	2	-
chr3L	102	123		V063V0632	ATTCAAGTTGCCGCTAATCAG	1	55	1	+
chr3L	103	126		V063V0632	TTTCTGATTAGCGGCAACTTGAA	2	55	2	-
chr3L	103	128		V063V0632	TATTTCTGATTAGCGGCAACTTGAA	1	55	1	-
chr3L	104	125		V063V0632	TTCTGATTAGCGGCAACTTGA	1	55	1	-
chr3L	104	126		V063V0632	TTTCTGATTAGCGGCAACTTGA	1	55	1	-
chr3L	104	128		V063V0632	TATTTCTGATTAGCGGCAACTTGA	1	55	1	-
chr3L	105	128		V063V0632	TATTTCTGATTAGCGGCAACTTG	1	55	1	-
chr3L	105	129		V063V0632	TTATTTCTGATTAGCGGCAACTTG	1	55	1	-
chr3L	106	128		V063V0632	TATTTCTGATTAGCGGCAACTT	1	55	1	-
chr3L	108	130		V063V0632	TTTATTTCTGATTAGCGGCAAC	1	55	1	-
chr3L	110	132		V063V0632	AATTTATTTCTGATTAGCGGCA	1	55	1	-
chr3L	111	132		V063V0632	AATTTATTTCTGATTAGCGGC	2	55	2	-
chr3L	111	134		V063V0632	TGAATTTATTTCTGATTAGCGGC	1	55	1	-
chr3L	111	136		V063V0632	AATGAATTTATTTCTGATTAGCGGC	3	55	3	-
chr3L	113	136		V063V0632	AATGAATTTATTTCTGATTAGCG	2	55	2	-
chr3L	118	143		V063V0632	ATCAGAAATAAATTCATTGCAACGT	1	55	1	+
chr3L	119	143		V063V0632	TCAGAAATAAATTCATTGCAACGT	1	55	1	+
chr3L	121	143		V063V0632	ACGTTGCAATGAATTTATTTCT	1	55	1	-
chr3L	121	145		V063V0632	TAACGTTGCAATGAATTTATTTCT	3	55	3	-
chr3L	122	144		V063V0632	AACGTTGCAATGAATTTATTTC	2	55	2	-
chr3L	122	145		V063V0632	TAACGTTGCAATGAATTTATTTC	1	55	1	-
chr3L	123	144		V063V0632	AAATAAATTCATTGCAACGTT	1	55	1	+
chr3L	123	145		V063V0632	TAACGTTGCAATGAATTTATTT	1	55	1	-
chr3L	124	146		V063V0632	TTAACGTTGCAATGAATTTATT	1	55	1	-
chr3L	124	147		V063V0632	TTTAACGTTGCAATGAATTTATT	1	55	1	-
chr3L	125	147		V063V0632	ATAAATTCATTGCAACGTTAAA	1	55	1	+
chr3L	128	149		V063V0632	AATTCATTGCAACGTTAAATA	1	55	1	+
chr3L	129	151		V063V0632	TGTATTTAACGTTGCAATGAAT	1	55	1	-
chr3L	130	151		V063V0632	TGTATTTAACGTTGCAATGAA	1	55	1	-
chr3L	130	152		V063V0632	TTCATTGCAACGTTAAATACAG	1	54	1	+
chr3L	131	151		V063V0632	TGTATTTAACGTTGCAATGA	1	55	1	-
chr3L	135	158		V063V0632	TGCAACGTTAAATACAGCACAAT	1	54	1	+
chr3L	135	159		V063V0632	TATTGTGCTGTATTTAACGTTGCA	1	54	1	-
chr3L	136	157		V063V0632	TTGTGCTGTATTTAACGTTGC	1	54	1	-
chr3L	137	159		V063V0632	TATTGTGCTGTATTTAACGTTG	1	54	1	-
chr3L	138	157		V063V0632	TTGTGCTGTATTTAACGTT	1	54	1	-
chr3L	139	160		V063V0632	ATATTGTGCTGTATTTAACGT	1	54	1	-
chr3L	139	161		V063V0632	ACGTTAAATACAGCACAATATA	1	54	1	+
chr3L	139	161		V063V0632	TATATTGTGCTGTATTTAACGT	1	54	1	-
chr3L	140	162		V063V0632	ATATATTGTGCTGTATTTAACG	1	54	1	-
chr3L	145	171		V063V0632	AATACAGCACAATATATGATCGCGTA	1	54	1	+
chr3L	146	170		V063V0632	ATACAGCACAATATATGATCGCGT	1	54	1	+
chr3L	147	168		V063V0632	TACAGCACAATATATGATCGC	3	54	3	+
chr3L	147	174		V063V0632	TACAGCACAATATATGATCGCGTATGC	1	54	1	+
chr3L	151	173		V063V0632	GCACAATATATGATCGCGTATG	7	54	7	+
chr3L	152	173		V063V0632	CACAATATATGATCGCGTATG	1	54	1	+
chr3L	153	174		V063V0632	ACAATATATGATCGCGTATGC	1	54	1	+
chr3L	156	178		V063V0632	ATATATGATCGCGTATGCGAGA	1	54	1	+
chr3L	158	180		V063V0632	ATATGATCGCGTATGCGAGAGT	1	163	1	+
chr3L	159	181		V063V0632	TATGATCGCGTATGCGAGAGTA	1	163	1	+
chr3L	159	182		V063V0632	TATGATCGCGTATGCGAGAGTAG	1	163	1	+
chr3L	159	186		V063V0632	TATGATCGCGTATGCGAGAGTAGTGCC	1	163	1	+
chr3L	160	182		V063V0632	ATGATCGCGTATGCGAGAGTAG	5	163	5	+
chr3L	160	184		V063V0632	ATGATCGCGTATGCGAGAGTAGTG	1	163	1	+
chr3L	160	185		V063V0632	ATGATCGCGTATGCGAGAGTAGTGC	1	163	1	+
chr3L	160	186		V063V0632	ATGATCGCGTATGCGAGAGTAGTGCC	1	163	1	+
chr3L	161	184		V063V0632	TGATCGCGTATGCGAGAGTAGTG	5	163	5	+
chr3L	161	185		V063V0632	TGATCGCGTATGCGAGAGTAGTGC	1	163	1	+
chr3L	161	186		V063V0632	TGATCGCGTATGCGAGAGTAGTGCC	1	163	1	+
chr3L	161	188		V063V0632	TGATCGCGTATGCGAGAGTAGTGCCAA	2	163	2	+
chr3L	163	183		V063V0632	ACTACTCTCGCATACGCGAT	1	164	1	-
chr3L	164	187		V063V0632	TCGCGTATGCGAGAGTAGTGCCA	5	163	5	+
chr3L	165	188		V063V0632	TTGGCACTACTCTCGCATACGCG	1	164	1	-
chr3L	166	185		V063V0632	GCGTATGCGAGAGTAGTGC	1	164	1	+
chr3L	166	186		V063V0632	GCGTATGCGAGAGTAGTGCC	1	164	1	+
chr3L	166	187		V063V0632	GCGTATGCGAGAGTAGTGCCA	1	164	1	+
chr3L	167	189		V063V0632	CGTATGCGAGAGTAGTGCCAAC	10	164	10	+
chr3L	167	189		V063V0632	GTTGGCACTACTCTCGCATACG	2	164	2	-
chr3L	167	190		V063V0632	CGTATGCGAGAGTAGTGCCAACA	5	164	5	+
chr3L	167	190		V063V0632	TGTTGGCACTACTCTCGCATACG	1	164	1	-
chr3L	168	189		V063V0632	GTATGCGAGAGTAGTGCCAAC	1	164	1	+
chr3L	168	189		V063V0632	GTTGGCACTACTCTCGCATAC	1	164	1	-
chr3L	168	190		V063V0632	GTATGCGAGAGTAGTGCCAACA	2	164	2	+
chr3L	169	190		V063V0632	TATGCGAGAGTAGTGCCAACA	1	164	1	+
chr3L	169	191		V063V0632	TATGCGAGAGTAGTGCCAACAT	9	164	9	+
chr3L	169	192		V063V0632	TATGCGAGAGTAGTGCCAACATA	11	164	11	+
chr3L	169	192		V063V0632	TATGTTGGCACTACTCTCGCATA	1	164	1	-
chr3L	169	193		V063V0632	TATGCGAGAGTAGTGCCAACATAT	3	164	3	+
chr3L	169	194		V063V0632	TATGCGAGAGTAGTGCCAACATATT	2	164	2	+
chr3L	169	195		V063V0632	TATGCGAGAGTAGTGCCAACATATTG	3	121	3	+
chr3L	169	196		V063V0632	TATGCGAGAGTAGTGCCAACATATTGT	1	121	1	+
chr3L	169	197		V063V0632	TATGCGAGAGTAGTGCCAACATATTGTG	1	121	1	+
chr3L	170	192		V063V0632	ATGCGAGAGTAGTGCCAACATA	1	164	1	+
chr3L	170	192		V063V0632	TATGTTGGCACTACTCTCGCAT	1	164	1	-
chr3L	170	195		V063V0632	ATGCGAGAGTAGTGCCAACATATTG	1	121	1	+
chr3L	171	192		V063V0632	TGCGAGAGTAGTGCCAACATA	3	164	3	+
chr3L	171	193		V063V0632	TGCGAGAGTAGTGCCAACATAT	5	164	5	+
chr3L	171	194		V063V0632	TGCGAGAGTAGTGCCAACATATT	11	164	11	+
chr3L	171	197		V063V0632	TGCGAGAGTAGTGCCAACATATTGTG	1	121	1	+
chr3L	171	198		V063V0632	TGCGAGAGTAGTGCCAACATATTGTGC	1	120	1	+
chr3L	172	194		V063V0632	GCGAGAGTAGTGCCAACATATT	5	164	5	+
chr3L	172	196		V063V0632	GCGAGAGTAGTGCCAACATATTGT	1	121	1	+
chr3L	173	194		V063V0632	AATATGTTGGCACTACTCTCG	1	164	1	-
chr3L	173	195		V063V0632	CAATATGTTGGCACTACTCTCG	1	121	1	-
chr3L	173	198		V063V0632	CGAGAGTAGTGCCAACATATTGTGC	1	120	1	+
chr3L	174	198		V063V0632	GAGAGTAGTGCCAACATATTGTGC	1	120	1	+
chr3L	175	196		V063V0632	AGAGTAGTGCCAACATATTGT	2	121	2	+
chr3L	175	197		V063V0632	AGAGTAGTGCCAACATATTGTG	4	121	4	+
chr3L	175	198		V063V0632	AGAGTAGTGCCAACATATTGTGC	2	120	2	+
chr3L	176	198		V063V0632	GAGTAGTGCCAACATATTGTGC	1	120	1	+
chr3L	176	199		V063V0632	GAGTAGTGCCAACATATTGTGCT	1	120	1	+
chr3L	182	205		V063V0632	TGCCAACATATTGTGCTAATGAG	4	54	4	+
chr3L	182	206		V063V0632	TGCCAACATATTGTGCTAATGAGT	2	54	2	+
chr3L	184	206		V063V0632	CCAACATATTGTGCTAATGAGT	2	54	2	+
chr3L	185	206		V063V0632	CAACATATTGTGCTAATGAGT	6	54	6	+
chr3L	185	209		V063V0632	CAACATATTGTGCTAATGAGTGCC	1	54	1	+
chr3L	186	206		V063V0632	AACATATTGTGCTAATGAGT	2	54	2	+
chr3L	186	207		V063V0632	CACTCATTAGCACAATATGTT	1	54	1	-
chr3L	186	209		V063V0632	AACATATTGTGCTAATGAGTGCC	2	54	2	+
chr3L	187	205		V063V0632	ACATATTGTGCTAATGAG	2	54	2	+
chr3L	187	208		V063V0632	ACATATTGTGCTAATGAGTGC	1	54	1	+
chr3L	188	215		V063V0632	ACGAGAGGCACTCATTAGCACAATATG	1	54	1	-
chr3L	191	214		V063V0632	ATTGTGCTAATGAGTGCCTCTCG	1	54	1	+
chr3L	192	214		V063V0632	TTGTGCTAATGAGTGCCTCTCG	1	54	1	+
chr3L	193	215		V063V0632	TGTGCTAATGAGTGCCTCTCGT	1	54	1	+
chr3L	194	216		V063V0632	AACGAGAGGCACTCATTAGCAC	4	54	4	-
chr3L	196	218		V063V0632	AGAACGAGAGGCACTCATTAGC	2	54	2	-
chr3L	197	218		V063V0632	AGAACGAGAGGCACTCATTAG	1	54	1	-
chr3L	197	218		V063V0632	CTAATGAGTGCCTCTCGTTCT	1	54	1	+
chr3L	197	220		V063V0632	CTAATGAGTGCCTCTCGTTCTCT	2	54	2	+
chr3L	198	220		V063V0632	TAATGAGTGCCTCTCGTTCTCT	1	54	1	+
chr3L	198	223		V063V0632	GACAGAGAACGAGAGGCACTCATTA	1	54	1	-
chr3L	199	221		V063V0632	CAGAGAACGAGAGGCACTCATT	2	54	2	-
chr3L	200	222		V063V0632	ACAGAGAACGAGAGGCACTCAT	1	54	1	-
chr3L	201	224		V063V0632	AGACAGAGAACGAGAGGCACTCA	2	54	2	-
chr3L	201	224		V063V0632	TGAGTGCCTCTCGTTCTCTGTCT	1	54	1	+
chr3L	201	227		V063V0632	TGAGTGCCTCTCGTTCTCTGTCTTAT	1	54	1	+
chr3L	203	226		V063V0632	TAAGACAGAGAACGAGAGGCACT	3	54	3	-
chr3L	204	226		V063V0632	TAAGACAGAGAACGAGAGGCAC	1	54	1	-
chr3L	205	226		V063V0632	TGCCTCTCGTTCTCTGTCTTA	1	54	1	+
chr3L	205	228		V063V0632	TGCCTCTCGTTCTCTGTCTTATA	1	54	1	+
chr3L	205	231		V063V0632	TAATATAAGACAGAGAACGAGAGGCA	1	54	1	-
chr3L	206	228		V063V0632	TATAAGACAGAGAACGAGAGGC	1	54	1	-
chr3L	206	229		V063V0632	ATATAAGACAGAGAACGAGAGGC	2	54	2	-
chr3L	207	228		V063V0632	TATAAGACAGAGAACGAGAGG	1	54	1	-
chr3L	207	229		V063V0632	ATATAAGACAGAGAACGAGAGG	4	54	4	-
chr3L	208	228		V063V0632	TATAAGACAGAGAACGAGAG	3	54	3	-
chr3L	209	229		V063V0632	ATATAAGACAGAGAACGAGA	2	54	2	-
chr3L	209	230		V063V0632	AATATAAGACAGAGAACGAGA	1	54	1	-
chr3L	209	231		V063V0632	TAATATAAGACAGAGAACGAGA	1	54	1	-
chr3L	210	229		V063V0632	ATATAAGACAGAGAACGAG	2	54	2	-
chr3L	210	230		V063V0632	AATATAAGACAGAGAACGAG	1	54	1	-
chr3L	210	231		V063V0632	TAATATAAGACAGAGAACGAG	1	54	1	-
chr3L	210	232		V063V0632	GTAATATAAGACAGAGAACGAG	1	54	1	-
chr3L	211	230		V063V0632	TCGTTCTCTGTCTTATATT	1	54	1	+
chr3L	211	233		V063V0632	GGTAATATAAGACAGAGAACGA	1	54	1	-
chr3L	211	238		V063V0632	TTTGCGGTAATATAAGACAGAGAACGA	1	54	1	-
chr3L	212	234		V063V0632	CGTTCTCTGTCTTATATTACCG	1	54	1	+
chr3L	213	235		V063V0632	GCGGTAATATAAGACAGAGAAC	1	54	1	-
chr3L	214	235		V063V0632	GCGGTAATATAAGACAGAGAA	1	88	1	-
chr3L	214	236		V063V0632	TGCGGTAATATAAGACAGAGAA	2	88	2	-
chr3L	214	236		V063V0632	TTCTCTGTCTTATATTACCGCA	2	88	2	+
chr3L	214	237		V063V0632	TTCTCTGTCTTATATTACCGCAA	1	88	1	+
chr3L	214	237		V063V0632	TTGCGGTAATATAAGACAGAGAA	2	88	2	-
chr3L	214	242		V063V0632	TGGGTTTGCGGTAATATAAGACAGAGAA	1	87	1	-
chr3L	215	236		V063V0632	TGCGGTAATATAAGACAGAGA	2	88	2	-
chr3L	215	237		V063V0632	TTGCGGTAATATAAGACAGAGA	1	88	1	-
chr3L	215	238		V063V0632	TTTGCGGTAATATAAGACAGAGA	3	88	3	-
chr3L	215	242		V063V0632	TGGGTTTGCGGTAATATAAGACAGAGA	2	87	2	-
chr3L	216	238		V063V0632	TTTGCGGTAATATAAGACAGAG	4	88	4	-
chr3L	216	242		V063V0632	TGGGTTTGCGGTAATATAAGACAGAG	2	87	2	-
chr3L	217	238		V063V0632	TTTGCGGTAATATAAGACAGA	3	98	3	-
chr3L	217	239		V063V0632	GTTTGCGGTAATATAAGACAGA	2	97	2	-
chr3L	217	239		V063V0632	TCTGTCTTATATTACCGCAAAC	1	97	1	+
chr3L	217	242		V063V0632	TGGGTTTGCGGTAATATAAGACAGA	8	97	8	-
chr3L	218	242		V063V0632	TGGGTTTGCGGTAATATAAGACAG	4	98	4	-
chr3L	219	238		V063V0632	TTTGCGGTAATATAAGACA	1	99	1	-
chr3L	219	240		V063V0632	GGTTTGCGGTAATATAAGACA	3	98	3	-
chr3L	219	242		V063V0632	TGGGTTTGCGGTAATATAAGACA	9	98	9	-
chr3L	220	242		V063V0632	TGGGTTTGCGGTAATATAAGAC	4	98	4	-
chr3L	220	244		V063V0632	TTTGGGTTTGCGGTAATATAAGAC	1	98	1	-
chr3L	220	245		V063V0632	TTTTGGGTTTGCGGTAATATAAGAC	1	98	1	-
chr3L	221	242		V063V0632	TGGGTTTGCGGTAATATAAGA	7	99	7	-
chr3L	221	244		V063V0632	TTTGGGTTTGCGGTAATATAAGA	1	99	1	-
chr3L	224	242		V063V0632	TGGGTTTGCGGTAATATA	2	100	2	-
chr3L	226	245		V063V0632	TTTTGGGTTTGCGGTAATA	1	105	1	-
chr3L	227	251		V063V0632	TTGTCTTTTTGGGTTTGCGGTAAT	1	54	1	-
chr3L	228	251		V063V0632	TTGTCTTTTTGGGTTTGCGGTAA	2	54	2	-
chr3L	229	250		V063V0632	TGTCTTTTTGGGTTTGCGGTA	2	54	2	-
chr3L	229	251		V063V0632	TTGTCTTTTTGGGTTTGCGGTA	1	54	1	-
chr3L	229	252		V063V0632	ATTGTCTTTTTGGGTTTGCGGTA	1	54	1	-
chr3L	229	253		V063V0632	TATTGTCTTTTTGGGTTTGCGGTA	2	54	2	-
chr3L	230	250		V063V0632	TGTCTTTTTGGGTTTGCGGT	1	54	1	-
chr3L	230	252		V063V0632	ATTGTCTTTTTGGGTTTGCGGT	1	54	1	-
chr3L	230	253		V063V0632	TATTGTCTTTTTGGGTTTGCGGT	2	54	2	-
chr3L	231	253		V063V0632	TATTGTCTTTTTGGGTTTGCGG	1	54	1	-
chr3L	232	255		V063V0632	CGCAAACCCAAAAAGACAATACA	1	54	1	+
chr3L	232	258		V063V0632	CGCAAACCCAAAAAGACAATACACGA	1	54	1	+
chr3L	232	260		V063V0632	CGCAAACCCAAAAAGACAATACACGACA	1	54	1	+
chr3L	233	255		V063V0632	GCAAACCCAAAAAGACAATACA	1	54	1	+
chr3L	236	258		V063V0632	AACCCAAAAAGACAATACACGA	1	54	1	+
chr3L	236	258		V063V0632	TCGTGTATTGTCTTTTTGGGTT	2	54	2	-
chr3L	237	258		V063V0632	TCGTGTATTGTCTTTTTGGGT	1	54	1	-
chr3L	238	260		V063V0632	TGTCGTGTATTGTCTTTTTGGG	4	54	4	-
chr3L	238	264		V063V0632	TCTCTGTCGTGTATTGTCTTTTTGGG	1	54	1	-
chr3L	240	262		V063V0632	CAAAAAGACAATACACGACAGA	2	54	2	+
chr3L	240	262		V063V0632	TCTGTCGTGTATTGTCTTTTTG	1	54	1	-
chr3L	240	264		V063V0632	TCTCTGTCGTGTATTGTCTTTTTG	1	54	1	-
chr3L	241	262		V063V0632	AAAAAGACAATACACGACAGA	1	54	1	+
chr3L	244	263		V063V0632	AAGACAATACACGACAGAG	1	54	1	+
chr3L	245	266		V063V0632	TCTCTCTGTCGTGTATTGTCT	1	54	1	-
chr3L	246	267		V063V0632	CTCTCTCTGTCGTGTATTGTC	2	54	2	-
chr3L	247	268		V063V0632	TCTCTCTCTGTCGTGTATTGT	3	48	3	-
chr3L	248	270		V063V0632	TCTCTCTCTCTGTCGTGTATTG	3	48	3	-
chr3L	248	271		V063V0632	CTCTCTCTCTCTGTCGTGTATTG	1	48	1	-
chr3L	250	272		V063V0632	ATACACGACAGAGAGAGAGAGC	2	48	2	+
chr3L	251	272		V063V0632	GCTCTCTCTCTCTGTCGTGTA	1	48	1	-
chr3L	251	273		V063V0632	TACACGACAGAGAGAGAGAGCA	1	48	1	+
chr3L	251	273		V063V0632	TGCTCTCTCTCTCTGTCGTGTA	2	48	2	-
chr3L	254	275		V063V0632	ACGACAGAGAGAGAGAGCAGC	1	48	1	+
chr3L	255	276		V063V0632	CGCTGCTCTCTCTCTCTGTCG	1	48	1	-
chr3L	257	277		V063V0632	ACAGAGAGAGAGAGCAGCGG	1	48	1	+
chr3L	263	284		V063V0632	AGAGAGAGCAGCGGAGATATT	1	54	1	+
chr3L	267	289		V063V0632	AGAGCAGCGGAGATATTTAGAT	2	54	2	+
chr3L	267	290		V063V0632	AATCTAAATATCTCCGCTGCTCT	1	54	1	-
chr3L	267	290		V063V0632	AGAGCAGCGGAGATATTTAGATT	2	54	2	+
chr3L	268	289		V063V0632	ATCTAAATATCTCCGCTGCTC	1	54	1	-
chr3L	269	292		V063V0632	AGCAGCGGAGATATTTAGATTGC	1	54	1	+
chr3L	270	291		V063V0632	GCAGCGGAGATATTTAGATTG	1	54	1	+
chr3L	270	293		V063V0632	GCAGCGGAGATATTTAGATTGCC	1	54	1	+
chr3L	271	293		V063V0632	CAGCGGAGATATTTAGATTGCC	1	54	1	+
chr3L	272	295		V063V0632	TAGGCAATCTAAATATCTCCGCT	1	54	1	-
chr3L	281	303		V063V0632	ATATTTAATAGGCAATCTAAAT	1	54	1	-
chr3L	283	308		V063V0632	TTAGATTGCCTATTAAATATGATCG	1	54	1	+
chr3L	283	309		V063V0632	TTAGATTGCCTATTAAATATGATCGC	1	54	1	+
chr3L	283	310		V063V0632	TTAGATTGCCTATTAAATATGATCGCG	2	54	2	+
chr3L	283	311		V063V0632	TTAGATTGCCTATTAAATATGATCGCGT	2	54	2	+
chr3L	288	308		V063V0632	TTGCCTATTAAATATGATCG	1	54	1	+
chr3L	288	310		V063V0632	TTGCCTATTAAATATGATCGCG	1	54	1	+
chr3L	288	311		V063V0632	TTGCCTATTAAATATGATCGCGT	1	54	1	+
chr3L	289	314		V063V0632	TGCCTATTAAATATGATCGCGTATG	1	54	1	+
chr3L	291	313		V063V0632	ATACGCGATCATATTTAATAGG	1	54	1	-
chr3L	295	316		V063V0632	TTAAATATGATCGCGTATGCG	2	54	2	+
chr3L	296	319		V063V0632	TAAATATGATCGCGTATGCGAGA	1	54	1	+
chr3L	297	317		V063V0632	AAATATGATCGCGTATGCGA	1	111	1	+
chr3L	297	318		V063V0632	AAATATGATCGCGTATGCGAG	1	111	1	+
chr3L	298	320		V063V0632	AATATGATCGCGTATGCGAGAG	1	111	1	+
chr3L	299	321		V063V0632	ATATGATCGCGTATGCGAGAGT	1	163	1	+
chr3L	300	322		V063V0632	TATGATCGCGTATGCGAGAGTA	1	163	1	+
chr3L	300	323		V063V0632	TATGATCGCGTATGCGAGAGTAG	1	163	1	+
chr3L	300	327		V063V0632	TATGATCGCGTATGCGAGAGTAGTGCC	1	163	1	+
chr3L	301	323		V063V0632	ATGATCGCGTATGCGAGAGTAG	5	163	5	+
chr3L	301	325		V063V0632	ATGATCGCGTATGCGAGAGTAGTG	1	163	1	+
chr3L	301	326		V063V0632	ATGATCGCGTATGCGAGAGTAGTGC	1	163	1	+
chr3L	301	327		V063V0632	ATGATCGCGTATGCGAGAGTAGTGCC	1	163	1	+
chr3L	302	325		V063V0632	TGATCGCGTATGCGAGAGTAGTG	5	163	5	+
chr3L	302	326		V063V0632	TGATCGCGTATGCGAGAGTAGTGC	1	163	1	+
chr3L	302	327		V063V0632	TGATCGCGTATGCGAGAGTAGTGCC	1	163	1	+
chr3L	302	329		V063V0632	TGATCGCGTATGCGAGAGTAGTGCCAA	2	163	2	+
chr3L	304	324		V063V0632	ACTACTCTCGCATACGCGAT	1	164	1	-
chr3L	305	328		V063V0632	TCGCGTATGCGAGAGTAGTGCCA	5	163	5	+
chr3L	306	329		V063V0632	TTGGCACTACTCTCGCATACGCG	1	164	1	-
chr3L	307	326		V063V0632	GCGTATGCGAGAGTAGTGC	1	164	1	+
chr3L	307	327		V063V0632	GCGTATGCGAGAGTAGTGCC	1	164	1	+
chr3L	307	328		V063V0632	GCGTATGCGAGAGTAGTGCCA	1	164	1	+
chr3L	308	330		V063V0632	CGTATGCGAGAGTAGTGCCAAC	10	164	10	+
chr3L	308	330		V063V0632	GTTGGCACTACTCTCGCATACG	2	164	2	-
chr3L	308	331		V063V0632	CGTATGCGAGAGTAGTGCCAACA	5	164	5	+
chr3L	308	331		V063V0632	TGTTGGCACTACTCTCGCATACG	1	164	1	-
chr3L	309	330		V063V0632	GTATGCGAGAGTAGTGCCAAC	1	164	1	+
chr3L	309	330		V063V0632	GTTGGCACTACTCTCGCATAC	1	164	1	-
chr3L	309	331		V063V0632	GTATGCGAGAGTAGTGCCAACA	2	164	2	+
chr3L	310	331		V063V0632	TATGCGAGAGTAGTGCCAACA	1	164	1	+
chr3L	310	332		V063V0632	TATGCGAGAGTAGTGCCAACAT	9	164	9	+
chr3L	310	333		V063V0632	TATGCGAGAGTAGTGCCAACATA	11	164	11	+
chr3L	310	333		V063V0632	TATGTTGGCACTACTCTCGCATA	1	164	1	-
chr3L	310	334		V063V0632	TATGCGAGAGTAGTGCCAACATAT	3	164	3	+
chr3L	310	335		V063V0632	TATGCGAGAGTAGTGCCAACATATT	2	164	2	+
chr3L	310	336		V063V0632	TATGCGAGAGTAGTGCCAACATATTC	1	43	1	+
chr3L	311	333		V063V0632	ATGCGAGAGTAGTGCCAACATA	1	164	1	+
chr3L	311	333		V063V0632	TATGTTGGCACTACTCTCGCAT	1	164	1	-
chr3L	312	333		V063V0632	TGCGAGAGTAGTGCCAACATA	3	164	3	+
chr3L	312	334		V063V0632	TGCGAGAGTAGTGCCAACATAT	5	164	5	+
chr3L	312	335		V063V0632	TGCGAGAGTAGTGCCAACATATT	11	164	11	+
chr3L	313	335		V063V0632	GCGAGAGTAGTGCCAACATATT	5	164	5	+
chr3L	314	335		V063V0632	AATATGTTGGCACTACTCTCG	1	164	1	-
chr3L	323	345		V063V0632	TAGAGAGCAGAATATGTTGGCA	1	43	1	-
chr3L	324	345		V063V0632	TAGAGAGCAGAATATGTTGGC	1	43	1	-
chr3L	324	346		V063V0632	ATAGAGAGCAGAATATGTTGGC	2	37	2	-
chr3L	325	346		V063V0632	ATAGAGAGCAGAATATGTTGG	1	37	1	-
chr3L	327	345		V063V0632	TAGAGAGCAGAATATGTT	1	43	1	-
chr3L	327	349		V063V0632	TATATAGAGAGCAGAATATGTT	1	37	1	-
chr3L	336	359		V063V0632	AGGCAGTCATTATATAGAGAGCA	2	48	2	-
chr3L	337	359		V063V0632	AGGCAGTCATTATATAGAGAGC	6	48	6	-
chr3L	338	359		V063V0632	AGGCAGTCATTATATAGAGAG	3	48	3	-
chr3L	339	361		V063V0632	AGAGGCAGTCATTATATAGAGA	1	48	1	-
chr3L	339	361		V063V0632	TCTCTATATAATGACTGCCTCT	1	48	1	+
chr3L	339	362		V063V0632	GAGAGGCAGTCATTATATAGAGA	1	48	1	-
chr3L	340	363		V063V0632	TGAGAGGCAGTCATTATATAGAG	1	48	1	-
chr3L	341	363		V063V0632	TGAGAGGCAGTCATTATATAGA	31	48	31	-
chr3L	342	363		V063V0632	TGAGAGGCAGTCATTATATAG	1	48	1	-
chr3L	343	364		V063V0632	TATATAATGACTGCCTCTCAT	1	78	1	+
chr3L	343	365		V063V0632	TATATAATGACTGCCTCTCATT	1	78	1	+
chr3L	345	367		V063V0632	AGAATGAGAGGCAGTCATTATA	3	73	3	-
chr3L	345	368		V063V0632	CAGAATGAGAGGCAGTCATTATA	2	48	2	-
chr3L	345	370		V063V0632	TATAATGACTGCCTCTCATTCTGTC	1	48	1	+
chr3L	348	371		V063V0632	AGACAGAATGAGAGGCAGTCATT	2	54	2	-
chr3L	348	372		V063V0632	AATGACTGCCTCTCATTCTGTCTT	2	54	2	+
chr3L	349	369		V063V0632	ACAGAATGAGAGGCAGTCAT	3	54	3	-
chr3L	349	371		V063V0632	AGACAGAATGAGAGGCAGTCAT	1	54	1	-
chr3L	349	371		V063V0632	ATGACTGCCTCTCATTCTGTCT	1	54	1	+
chr3L	350	371		V063V0632	AGACAGAATGAGAGGCAGTCA	1	54	1	-
chr3L	350	373		V063V0632	TAAGACAGAATGAGAGGCAGTCA	8	54	8	-
chr3L	351	373		V063V0632	TAAGACAGAATGAGAGGCAGTC	2	54	2	-
chr3L	351	374		V063V0632	ATAAGACAGAATGAGAGGCAGTC	4	54	4	-
chr3L	352	374		V063V0632	ATAAGACAGAATGAGAGGCAGT	4	54	4	-
chr3L	352	379		V063V0632	GTAAAATAAGACAGAATGAGAGGCAGT	1	54	1	-
chr3L	353	374		V063V0632	ATAAGACAGAATGAGAGGCAG	1	54	1	-
chr3L	353	375		V063V0632	AATAAGACAGAATGAGAGGCAG	1	54	1	-
chr3L	354	376		V063V0632	AAATAAGACAGAATGAGAGGCA	18	54	18	-
chr3L	354	378		V063V0632	TAAAATAAGACAGAATGAGAGGCA	1	54	1	-
chr3L	355	376		V063V0632	AAATAAGACAGAATGAGAGGC	4	54	4	-
chr3L	355	377		V063V0632	AAAATAAGACAGAATGAGAGGC	2	54	2	-
chr3L	355	378		V063V0632	TAAAATAAGACAGAATGAGAGGC	2	54	2	-
chr3L	356	376		V063V0632	AAATAAGACAGAATGAGAGG	2	54	2	-
chr3L	356	377		V063V0632	AAAATAAGACAGAATGAGAGG	1	54	1	-
chr3L	356	378		V063V0632	CCTCTCATTCTGTCTTATTTTA	1	54	1	+
chr3L	356	378		V063V0632	TAAAATAAGACAGAATGAGAGG	11	54	11	-
chr3L	357	376		V063V0632	AAATAAGACAGAATGAGAG	2	54	2	-
chr3L	357	378		V063V0632	TAAAATAAGACAGAATGAGAG	1	54	1	-
chr3L	357	379		V063V0632	GTAAAATAAGACAGAATGAGAG	1	54	1	-
chr3L	358	380		V063V0632	GGTAAAATAAGACAGAATGAGA	1	54	1	-
chr3L	359	381		V063V0632	CGGTAAAATAAGACAGAATGAG	1	54	1	-
chr3L	360	383		V063V0632	TGCGGTAAAATAAGACAGAATGA	1	54	1	-
chr3L	361	384		V063V0632	TTGCGGTAAAATAAGACAGAATG	1	54	1	-
chr3L	364	385		V063V0632	TTTGCGGTAAAATAAGACAGA	1	54	1	-
chr3L	366	385		V063V0632	TTTGCGGTAAAATAAGACA	1	54	1	-
chr3L	367	389		V063V0632	TGGGTTTGCGGTAAAATAAGAC	1	54	1	-
chr3L	370	391		V063V0632	TTTGGGTTTGCGGTAAAATAA	1	54	1	-
chr3L	371	392		V063V0632	ATTTGGGTTTGCGGTAAAATA	1	54	1	-
chr3L	373	394		V063V0632	TTTTACCGCAAACCCAAATCG	1	54	1	+
chr3L	375	397		V063V0632	TGTCGATTTGGGTTTGCGGTAA	1	54	1	-
chr3L	375	399		V063V0632	ATTGTCGATTTGGGTTTGCGGTAA	1	54	1	-
chr3L	376	396		V063V0632	GTCGATTTGGGTTTGCGGTA	1	54	1	-
chr3L	376	398		V063V0632	TTGTCGATTTGGGTTTGCGGTA	1	54	1	-
chr3L	376	399		V063V0632	ATTGTCGATTTGGGTTTGCGGTA	2	54	2	-
chr3L	377	399		V063V0632	ATTGTCGATTTGGGTTTGCGGT	6	54	6	-
chr3L	378	402		V063V0632	TGCATTGTCGATTTGGGTTTGCGG	1	54	1	-
chr3L	378	403		V063V0632	GTGCATTGTCGATTTGGGTTTGCGG	1	54	1	-
chr3L	379	400		V063V0632	CGCAAACCCAAATCGACAATG	1	54	1	+
chr3L	379	405		V063V0632	CGCAAACCCAAATCGACAATGCACGA	2	54	2	+
chr3L	379	406		V063V0632	CGCAAACCCAAATCGACAATGCACGAC	1	54	1	+
chr3L	380	402		V063V0632	TGCATTGTCGATTTGGGTTTGC	7	54	7	-
chr3L	381	405		V063V0632	TCGTGCATTGTCGATTTGGGTTTG	2	54	2	-
chr3L	382	404		V063V0632	AAACCCAAATCGACAATGCACG	3	54	3	+
chr3L	382	404		V063V0632	CGTGCATTGTCGATTTGGGTTT	1	54	1	-
chr3L	383	405		V063V0632	AACCCAAATCGACAATGCACGA	4	54	4	+
chr3L	383	405		V063V0632	TCGTGCATTGTCGATTTGGGTT	2	54	2	-
chr3L	384	405		V063V0632	ACCCAAATCGACAATGCACGA	2	54	2	+
chr3L	384	407		V063V0632	ACCCAAATCGACAATGCACGACA	2	54	2	+
chr3L	384	409		V063V0632	TCTGTCGTGCATTGTCGATTTGGGT	1	54	1	-
chr3L	385	405		V063V0632	TCGTGCATTGTCGATTTGGG	1	54	1	-
chr3L	385	407		V063V0632	TGTCGTGCATTGTCGATTTGGG	3	54	3	-
chr3L	385	409		V063V0632	TCTGTCGTGCATTGTCGATTTGGG	1	54	1	-
chr3L	386	409		V063V0632	TCTGTCGTGCATTGTCGATTTGG	1	54	1	-
chr3L	387	413		V063V0632	TTCCTCTGTCGTGCATTGTCGATTTG	1	54	1	-
chr3L	389	409		V063V0632	TCTGTCGTGCATTGTCGATT	2	54	2	-
chr3L	389	410		V063V0632	AATCGACAATGCACGACAGAG	2	54	2	+
chr3L	389	411		V063V0632	CCTCTGTCGTGCATTGTCGATT	3	54	3	-
chr3L	389	412		V063V0632	TCCTCTGTCGTGCATTGTCGATT	4	54	4	-
chr3L	390	411		V063V0632	CCTCTGTCGTGCATTGTCGAT	1	54	1	-
chr3L	390	412		V063V0632	ATCGACAATGCACGACAGAGGA	3	54	3	+
chr3L	390	412		V063V0632	TCCTCTGTCGTGCATTGTCGAT	6	54	6	-
chr3L	390	413		V063V0632	ATCGACAATGCACGACAGAGGAA	1	54	1	+
chr3L	391	409		V063V0632	TCTGTCGTGCATTGTCGA	1	54	1	-
chr3L	391	413		V063V0632	TCGACAATGCACGACAGAGGAA	1	54	1	+
chr3L	391	413		V063V0632	TTCCTCTGTCGTGCATTGTCGA	1	54	1	-
