chr3L				library	sequence	read_counts	number_genomic_hits		
chr3L	1	23		V063V0632	ATACGCGATCATATTTCTCCCT	2	54	2	-
chr3L	2	24		V063V0632	GGGAGAAATATGATCGCGTATG	1	54	1	+
chr3L	3	24		V063V0632	GGAGAAATATGATCGCGTATG	4	54	4	+
chr3L	3	26		V063V0632	GGAGAAATATGATCGCGTATGCG	1	54	1	+
chr3L	5	27		V063V0632	AGAAATATGATCGCGTATGCGA	22	54	22	+
chr3L	6	26		V063V0632	GAAATATGATCGCGTATGCG	1	57	1	+
chr3L	7	27		V063V0632	AAATATGATCGCGTATGCGA	1	111	1	+
chr3L	7	28		V063V0632	AAATATGATCGCGTATGCGAG	1	111	1	+
chr3L	8	30		V063V0632	AATATGATCGCGTATGCGAGAG	1	111	1	+
